{
  "global": 0.5700000000000003,
  "mimic": 0.5200000000000002,
  "slpdb": 0.5700000000000003
}